n,bubble_sort_us,merge_sort_us,quick_sort_us,insertion_sort_us
100,1.0032615728290892,3.1623304939501944,1.9448690485853755,0.804541869176226
500,26.22414903003675,21.86817743744138,13.569189350105956,20.314482932337068
1000,94.13823990173319,47.59450911150358,31.42740205415531,87.74151284778233
2000,376.272159469909,107.17117288799876,69.7376186254923,310.3469995058467
5000,2543.8573882331066,324.88277921791837,179.67647085551275,1955.5609550225506
10000,9352.693389016822,662.2720442347911,403.0049250242078,7937.459095031753
20000,37476.55046474671,1438.664953393388,849.7259707116834,32971.58700871105
50000,237240.12245090416,3990.878373483403,2259.953338944836,190407.85624162885
